timestamp_ms,price
1621382400000,42853.52000000
1621382400200,42854.45000000
1621382400400,42850.20000000
1621382400600,42860.65000000
1621382400700,42851.01000000
1621382400900,42857.95000000
1621382401000,42855.56000000
1621382401100,42851.01000000
1621382401200,42849.61000000
1621382401300,42847.81000000
1621382401400,42847.92000000
1621382401500,42847.96000000
1621382401700,42857.97000000
1621382401800,42855.83000000
1621382401900,42863.10000000
1621382402000,42860.63000000
1621382402100,42862.69000000
1621382402200,42860.93000000
1621382402300,42861.61000000
1621382402400,42862.69000000
1621382402500,42862.44000000
1621382402700,42861.49000000
1621382402800,42863.37000000
1621382402900,42865.54000000
1621382403200,42863.69000000
1621382403300,42863.71000000
1621382403600,42860.31000000
1621382403700,42863.68000000
1621382404000,42863.69000000
1621382404200,42860.26000000
1621382404300,42860.26000000
1621382404400,42860.27000000
1621382404500,42860.26000000
1621382404600,42860.27000000
1621382404700,42868.43000000
1621382404800,42872.67000000
1621382404900,42872.80000000
1621382405000,42869.10000000
1621382405100,42868.16000000
1621382405200,42868.24000000
1621382405300,42867.55000000
1621382405400,42867.55000000
1621382405500,42867.55000000
1621382405600,42867.54000000
1621382406000,42867.54000000
1621382406100,42867.88000000
1621382406200,42875.63000000
1621382406300,42875.64000000
1621382406400,42875.63000000
1621382406500,42867.69000000
1621382406600,42868.68000000
1621382406900,42867.92000000
1621382407100,42867.92000000
1621382407200,42867.92000000
1621382407300,42867.93000000
1621382407400,42867.92000000
1621382407500,42867.94000000
1621382407600,42867.59000000
1621382407800,42867.68000000
1621382407900,42867.69000000
1621382408000,42867.76000000
1621382408100,42867.76000000
1621382408300,42875.64000000
1621382408400,42875.63000000
1621382408500,42875.63000000
1621382408600,42868.34000000
1621382408700,42872.02000000
1621382408800,42869.04000000
1621382408900,42870.52000000
1621382409000,42869.92000000
1621382409200,42869.52000000
1621382409300,42869.62000000
1621382409400,42869.55000000
1621382409500,42886.44000000
1621382409600,42876.49000000
1621382409700,42883.06000000
1621382409800,42885.55000000
1621382409900,42884.94000000
1621382410000,42884.28000000
1621382410100,42874.95000000
1621382410200,42880.48000000
1621382410300,42878.48000000
1621382410400,42877.28000000
1621382410500,42872.81000000
1621382410600,42872.80000000
1621382410700,42872.80000000
1621382410800,42878.15000000
1621382410900,42869.03000000
1621382411100,42868.71000000
1621382411200,42872.80000000
1621382411400,42871.25000000
1621382411500,42871.21000000
1621382411700,42866.74000000
1621382411800,42866.98000000
1621382412200,42869.04000000
1621382412300,42866.76000000
1621382412400,42869.04000000
1621382412600,42863.93000000
1621382412900,42863.99000000
1621382413000,42863.99000000
1621382413400,42863.99000000
1621382413500,42863.99000000
1621382413600,42863.99000000
1621382413700,42863.99000000
1621382413900,42864.00000000
1621382414000,42869.04000000
1621382414100,42869.04000000
1621382414200,42869.02000000
1621382414300,42869.02000000
1621382414400,42864.11000000
1621382414500,42864.12000000
1621382414700,42864.14000000
1621382414800,42864.15000000
1621382414900,42869.04000000
1621382415000,42873.37000000
1621382415100,42877.18000000
1621382415200,42875.64000000
1621382415300,42876.24000000
1621382415400,42878.20000000
1621382415500,42878.20000000
1621382415600,42878.20000000
1621382415700,42878.20000000
1621382415800,42878.20000000
1621382415900,42878.20000000
1621382416000,42878.20000000
1621382416100,42880.06000000
1621382416200,42880.06000000
1621382416300,42880.06000000
1621382416400,42880.06000000
1621382416600,42883.70000000
1621382416800,42882.61000000
1621382416900,42886.06000000
1621382417000,42882.61000000
1621382417100,42886.04000000
1621382417200,42900.00000000
1621382417400,42899.86000000
1621382417500,42898.35000000
1621382417600,42899.99000000
1621382417800,42907.99000000
1621382417900,42908.19000000
1621382418000,42908.37000000
1621382418100,42909.99000000
1621382418200,42910.29000000
1621382418300,42910.34000000
1621382418400,42912.74000000
1621382418700,42901.34000000
1621382418800,42903.53000000
1621382418900,42915.30000000
1621382419000,42908.94000000
1621382419100,42915.31000000
1621382419200,42916.68000000
1621382419400,42915.30000000
1621382419500,42922.54000000
1621382419600,42919.32000000
1621382419700,42918.44000000
1621382419800,42918.44000000
1621382419900,42918.44000000
1621382420000,42918.64000000
1621382420100,42918.85000000
1621382420200,42918.85000000
1621382420300,42918.44000000
1621382420400,42921.67000000
1621382420500,42918.44000000
1621382420600,42918.93000000
1621382420700,42918.62000000
1621382420800,42920.64000000
1621382420900,42920.65000000
1621382421000,42920.64000000
1621382421100,42918.44000000
1621382421200,42921.77000000
1621382421300,42922.32000000
1621382421400,42922.32000000
1621382421500,42922.32000000
1621382421900,42920.62000000
1621382422000,42923.16000000
1621382422100,42919.78000000
1621382422300,42923.05000000
1621382422400,42922.75000000
1621382422500,42922.75000000
1621382422600,42922.75000000
1621382422700,42922.75000000
1621382422800,42922.75000000
1621382422900,42922.75000000
1621382423200,42940.92000000
1621382423300,42925.24000000
1621382423400,42925.24000000
1621382423500,42925.72000000
1621382423600,42927.87000000
1621382423700,42927.86000000
1621382423800,42927.87000000
1621382423900,42927.86000000
1621382424000,42927.87000000
1621382424100,42927.86000000
1621382424200,42927.86000000
1621382424500,42929.80000000
1621382424600,42932.17000000
1621382424800,42929.01000000
1621382424900,42931.23000000
1621382425000,42931.23000000
1621382425100,42931.60000000
1621382425200,42937.60000000
1621382425400,42931.84000000
1621382425500,42934.90000000
1621382425600,42937.48000000
1621382425700,42937.40000000
1621382425900,42939.47000000
1621382426000,42942.46000000
1621382426100,42946.24000000
1621382426200,42948.57000000
1621382426300,42949.35000000
1621382426400,42948.81000000
1621382426500,42948.61000000
1621382426600,42948.58000000
1621382426700,42948.58000000
1621382426800,42958.83000000
1621382426900,42949.89000000
1621382427000,42955.20000000
1621382427100,42961.76000000
1621382427200,42965.95000000
1621382427300,42972.35000000
1621382427500,42972.68000000
1621382427600,42972.69000000
1621382427700,42964.44000000
1621382427800,42974.14000000
1621382427900,42983.58000000
1621382428000,42989.89000000
1621382428100,42990.40000000
1621382428200,42990.40000000
1621382428300,42986.95000000
1621382428400,42986.96000000
1621382428500,42986.96000000
1621382428600,42987.03000000
1621382428700,42989.17000000
1621382428800,42991.94000000
1621382428900,42989.17000000
1621382429000,42997.15000000
1621382429100,42989.17000000
1621382429200,42989.17000000
1621382429300,42998.84000000
1621382429400,42992.89000000
1621382429500,42999.72000000
1621382429600,42999.42000000
1621382429700,42999.71000000
1621382429800,42999.72000000
1621382429900,42999.92000000
1621382430000,43014.61000000
1621382430100,43004.77000000
1621382430200,43006.70000000
1621382430300,43005.73000000
1621382430400,43014.82000000
1621382430500,43017.58000000
1621382430600,43030.66000000
1621382430700,43030.66000000
1621382430800,43030.66000000
1621382430900,43030.67000000
1621382431000,43033.82000000
1621382431100,43033.81000000
1621382431200,43033.82000000
1621382431300,43038.36000000
1621382431400,43050.00000000
1621382431500,43041.61000000
1621382431600,43050.00000000
1621382431700,43051.62000000
1621382431800,43054.39000000
1621382431900,43041.87000000
1621382432000,43050.03000000
1621382432100,43042.57000000
1621382432200,43039.14000000
1621382432300,43040.85000000
1621382432400,43053.80000000
1621382432500,43048.19000000
1621382432600,43048.19000000
1621382432700,43062.66000000
1621382432800,43046.37000000
1621382432900,43061.62000000
1621382433000,43061.43000000
1621382433100,43062.69000000
1621382433200,43062.71000000
1621382433300,43065.68000000
1621382433400,43065.68000000
1621382433500,43065.68000000
1621382433600,43063.96000000
1621382433700,43062.71000000
1621382433800,43075.79000000
1621382433900,43054.74000000
1621382434000,43063.82000000
1621382434100,43073.33000000
1621382434200,43063.63000000
1621382434400,43055.20000000
1621382434500,43063.62000000
1621382434600,43063.62000000
1621382434700,43063.62000000
1621382434800,43061.63000000
1621382434900,43061.79000000
1621382435000,43063.62000000
1621382435100,43063.62000000
1621382435300,43073.74000000
1621382435400,43065.33000000
1621382435500,43073.46000000
1621382435600,43073.47000000
1621382435700,43073.47000000
1621382435800,43065.83000000
1621382435900,43067.34000000
1621382436000,43073.48000000
1621382436100,43094.50000000
1621382436200,43070.54000000
1621382436300,43094.18000000
1621382436400,43094.48000000
1621382436500,43094.49000000
1621382436600,43080.82000000
1621382436700,43109.30000000
1621382436800,43096.85000000
1621382436900,43100.89000000
1621382437000,43101.27000000
1621382437100,43102.36000000
1621382437200,43103.14000000
1621382437300,43103.47000000
1621382437400,43106.99000000
1621382437500,43115.45000000
1621382437600,43115.45000000
1621382437700,43113.33000000
1621382437800,43111.21000000
1621382437900,43108.84000000
1621382438000,43112.43000000
1621382438100,43104.14000000
1621382438200,43090.59000000
1621382438300,43090.70000000
1621382438400,43090.71000000
1621382438500,43093.33000000
1621382438600,43090.78000000
1621382438700,43074.68000000
1621382438800,43074.67000000
1621382438900,43076.37000000
1621382439000,43081.34000000
1621382439100,43079.23000000
1621382439200,43078.47000000
1621382439300,43067.49000000
1621382439400,43071.27000000
1621382439500,43078.23000000
1621382439600,43064.07000000
1621382439800,43070.68000000
1621382439900,43074.00000000
1621382440000,43060.71000000
1621382440100,43071.14000000
1621382440200,43063.00000000
1621382440300,43063.00000000
1621382440400,43058.34000000
1621382440500,43054.96000000
1621382440600,43054.97000000
1621382440700,43054.97000000
1621382440900,43050.69000000
1621382441000,43066.00000000
1621382441100,43062.34000000
1621382441200,43050.14000000
1621382441400,43054.46000000
1621382441500,43050.83000000
1621382441600,43041.03000000
1621382441700,43050.16000000
1621382441900,43042.02000000
1621382442200,43055.41000000
1621382442300,43054.65000000
1621382442400,43028.30000000
1621382442600,43039.62000000
1621382442700,43038.16000000
1621382442800,43022.50000000
1621382442900,43035.91000000
1621382443000,43041.01000000
1621382443200,43040.09000000
1621382443300,43022.75000000
1621382443400,43023.14000000
1621382443500,43019.57000000
1621382443600,43019.84000000
1621382443700,43035.35000000
1621382443800,43031.11000000
1621382443900,43015.02000000
1621382444100,43024.64000000
1621382444300,43023.77000000
1621382444400,43023.77000000
1621382444500,43020.44000000
1621382444700,43005.49000000
1621382444900,43006.03000000
1621382445000,43024.31000000
1621382445100,43022.44000000
1621382445200,43032.01000000
1621382445300,43013.80000000
1621382445400,43008.06000000
1621382445500,43011.39000000
1621382445600,43022.38000000
1621382445700,43011.44000000
1621382445800,43005.15000000
1621382445900,43005.30000000
1621382446000,43011.09000000
1621382446100,43007.59000000
1621382446200,43000.00000000
1621382446300,43000.01000000
1621382446400,43000.00000000
1621382446500,43011.07000000
1621382446600,43010.82000000
1621382446900,43000.00000000
1621382447000,43000.01000000
1621382447100,43000.01000000
1621382447300,43000.03000000
1621382447400,42990.27000000
1621382447500,43009.81000000
1621382447700,43003.80000000
1621382447800,43013.51000000
1621382447900,43000.63000000
1621382448000,43000.63000000
1621382448100,43008.21000000
1621382448400,43005.22000000
1621382448500,43018.04000000
1621382448600,43005.69000000
1621382448700,42991.55000000
1621382448900,43017.82000000
1621382449000,43015.65000000
1621382449100,43013.79000000
1621382449200,43010.44000000
1621382449300,43013.79000000
1621382449400,43019.68000000
1621382449700,43011.37000000
1621382449800,43012.10000000
1621382449900,43012.25000000
1621382450000,43013.32000000
1621382450100,43020.02000000
1621382450200,43013.72000000
1621382450300,43013.33000000
1621382450400,43013.33000000
1621382450500,43000.00000000
1621382450600,43000.00000000
1621382450900,42995.72000000
1621382451100,42999.92000000
1621382451200,42996.87000000
1621382451300,42996.89000000
1621382451400,43000.17000000
1621382451800,42998.12000000
1621382451900,42997.74000000
1621382452100,42997.07000000
1621382452200,42997.54000000
1621382452300,42997.42000000
1621382452500,42999.91000000
1621382452600,42997.41000000
1621382452700,42997.41000000
1621382452800,42997.45000000
1621382452900,43006.87000000
1621382453100,42997.27000000
1621382453200,43006.46000000
1621382453300,42997.27000000
1621382453400,43005.55000000
1621382453500,42991.01000000
1621382453600,42988.43000000
1621382453700,42997.87000000
1621382453800,42995.23000000
1621382454000,42979.42000000
1621382454200,42993.06000000
1621382454300,42992.79000000
1621382454400,42992.60000000
1621382454500,42992.46000000
1621382454600,42979.42000000
1621382454700,42991.94000000
1621382454800,42991.53000000
1621382454900,42979.51000000
1621382455000,42980.19000000
1621382455100,42997.06000000
1621382455200,42979.42000000
1621382455300,42979.44000000
1621382455400,42978.00000000
1621382455500,42976.88000000
1621382455700,42984.13000000
1621382455800,42983.21000000
1621382456000,42982.62000000
1621382456100,42974.75000000
1621382456200,42972.35000000
1621382456300,42972.35000000
1621382456400,42982.78000000
1621382456600,42974.31000000
1621382456700,42979.01000000
1621382456800,42981.73000000
1621382456900,42981.49000000
1621382457000,42981.30000000
1621382457100,42978.70000000
1621382457200,42972.37000000
1621382457300,42981.19000000
1621382457500,42982.03000000
1621382457600,42972.73000000
1621382457700,42980.68000000
1621382457800,42983.89000000
1621382457900,42985.66000000
1621382458000,42989.53000000
1621382458300,42989.03000000
1621382458600,42977.09000000
1621382458700,42972.36000000
1621382458800,42986.88000000
1621382459300,42984.26000000
1621382459500,42984.27000000
1621382459700,42977.10000000
1621382459800,42953.13000000
1621382459900,42915.91000000
1621382460000,42924.17000000
1621382460100,42943.82000000
1621382460200,42933.47000000
1621382460300,42927.37000000
1621382460400,42937.05000000
1621382460500,42927.36000000
1621382460600,42912.40000000
1621382460700,42904.37000000
1621382460800,42923.66000000
1621382460900,42915.51000000
1621382461000,42912.10000000
1621382461100,42916.45000000
1621382461200,42921.38000000
1621382461300,42922.88000000
1621382461400,42930.86000000
1621382461500,42930.84000000
1621382461600,42927.28000000
1621382461800,42927.28000000
1621382461900,42915.92000000
1621382462100,42926.08000000
1621382462200,42926.30000000
1621382462300,42909.97000000
1621382462400,42924.95000000
1621382462600,42911.15000000
1621382462700,42911.89000000
1621382462800,42917.72000000
1621382462900,42912.98000000
1621382463100,42912.42000000
1621382463300,42911.93000000
1621382463400,42901.81000000
1621382463700,42910.54000000
1621382463800,42913.02000000
1621382463900,42910.37000000
1621382464100,42895.97000000
1621382464200,42895.96000000
1621382464300,42877.41000000
1621382464400,42869.52000000
1621382464500,42864.00000000
1621382464600,42882.47000000
1621382464700,42859.37000000
1621382464800,42875.11000000
1621382464900,42874.48000000
1621382465000,42879.29000000
1621382465100,42859.56000000
1621382465200,42858.95000000
1621382465300,42858.74000000
1621382465400,42859.09000000
1621382465500,42861.82000000
1621382465700,42856.43000000
1621382465800,42869.28000000
1621382465900,42872.38000000
1621382466100,42871.23000000
1621382466300,42856.74000000
1621382466400,42868.67000000
1621382466600,42855.60000000
1621382466700,42872.33000000
1621382466900,42871.36000000
1621382467100,42869.88000000
1621382467200,42844.31000000
1621382467300,42867.27000000
1621382467400,42865.73000000
1621382467500,42825.48000000
1621382467700,42852.37000000
1621382467900,42847.72000000
1621382468000,42844.92000000
1621382468100,42843.92000000
1621382468200,42843.11000000
1621382468300,42842.02000000
1621382468400,42841.58000000
1621382468500,42840.88000000
1621382468600,42830.14000000
1621382468700,42823.54000000
1621382468800,42835.25000000
1621382468900,42834.97000000
1621382469000,42833.95000000
1621382469100,42816.44000000
1621382469200,42833.94000000
1621382469300,42817.81000000
1621382469400,42830.02000000
1621382469500,42827.75000000
1621382469600,42827.48000000
1621382469700,42827.07000000
1621382469800,42821.90000000
1621382470000,42832.08000000
1621382470100,42833.88000000
1621382470200,42824.49000000
1621382470300,42822.74000000
1621382470400,42840.82000000
1621382470500,42840.70000000
1621382470600,42840.81000000
1621382470700,42831.60000000
1621382470800,42819.75000000
1621382470900,42833.94000000
1621382471100,42828.51000000
1621382471200,42823.88000000
1621382471300,42814.13000000
1621382471400,42821.25000000
1621382471500,42821.16000000
1621382471600,42814.16000000
1621382471900,42819.08000000
1621382472000,42813.88000000
1621382472100,42811.78000000
1621382472200,42817.22000000
1621382472300,42815.08000000
1621382472400,42815.07000000
1621382472500,42811.77000000
1621382472600,42815.06000000
1621382472700,42824.55000000
1621382472800,42827.55000000
1621382472900,42827.55000000
1621382473000,42819.05000000
1621382473100,42813.40000000
1621382473200,42830.31000000
1621382473300,42814.32000000
1621382473400,42811.77000000
1621382473600,42820.39000000
1621382473700,42818.24000000
1621382473900,42818.22000000
1621382474000,42811.73000000
1621382474100,42815.33000000
1621382474200,42804.56000000
1621382474300,42804.57000000
1621382474400,42812.80000000
1621382474500,42804.68000000
1621382474700,42801.58000000
1621382474900,42810.57000000
1621382475000,42801.91000000
1621382475100,42800.00000000
1621382475200,42800.00000000
1621382475300,42800.00000000
1621382475400,42799.99000000
1621382475500,42800.00000000
1621382475600,42790.64000000
1621382475700,42799.86000000
1621382475800,42797.07000000
1621382475900,42795.65000000
1621382476000,42796.34000000
1621382476100,42779.68000000
1621382476300,42793.24000000
1621382476500,42794.71000000
1621382476600,42771.10000000
1621382476700,42772.41000000
1621382476800,42790.08000000
1621382476900,42790.90000000
1621382477000,42790.20000000
1621382477100,42762.59000000
1621382477200,42785.63000000
1621382477300,42766.62000000
1621382477400,42762.99000000
1621382477500,42763.35000000
1621382477600,42766.53000000
1621382477700,42766.20000000
1621382477800,42765.53000000
1621382477900,42764.87000000
1621382478000,42764.41000000
1621382478100,42762.06000000
1621382478200,42757.48000000
1621382478300,42755.35000000
1621382478400,42757.48000000
1621382478500,42764.40000000
1621382478600,42764.64000000
1621382478700,42754.88000000
1621382478800,42757.77000000
1621382478900,42766.78000000
1621382479000,42766.78000000
1621382479100,42760.70000000
1621382479200,42755.01000000
1621382479300,42763.87000000
1621382479400,42761.12000000
1621382479500,42750.02000000
1621382479600,42750.93000000
1621382479700,42750.00000000
1621382479800,42750.57000000
1621382479900,42750.00000000
1621382480000,42747.36000000
1621382480100,42747.03000000
1621382480200,42740.76000000
1621382480300,42738.88000000
1621382480400,42737.76000000
1621382480500,42745.03000000
1621382480600,42740.97000000
1621382480700,42745.03000000
1621382480800,42747.56000000
1621382480900,42750.86000000
1621382481000,42755.60000000
1621382481100,42752.41000000
1621382481200,42753.20000000
1621382481300,42751.92000000
1621382481400,42749.37000000
1621382481500,42750.09000000
1621382481600,42750.32000000
1621382481700,42705.84000000
1621382481800,42689.71000000
1621382481900,42689.70000000
1621382482000,42683.92000000
1621382482100,42687.17000000
1621382482200,42685.33000000
1621382482300,42663.44000000
1621382482400,42666.01000000
1621382482500,42640.46000000
1621382482600,42643.54000000
1621382482700,42652.64000000
1621382482800,42633.36000000
1621382482900,42633.36000000
1621382483000,42638.73000000
1621382483100,42632.55000000
1621382483200,42632.65000000
1621382483300,42632.64000000
1621382483400,42616.66000000
1621382483500,42632.63000000
1621382483600,42625.18000000
1621382483700,42632.04000000
1621382483800,42631.15000000
1621382483900,42626.90000000
1621382484000,42626.90000000
1621382484100,42626.90000000
1621382484200,42626.61000000
1621382484300,42626.62000000
1621382484400,42626.62000000
1621382484500,42626.62000000
1621382484600,42600.04000000
1621382484700,42600.00000000
1621382484800,42589.26000000
1621382484900,42618.57000000
1621382485000,42621.83000000
1621382485100,42621.83000000
1621382485200,42616.72000000
1621382485300,42618.41000000
1621382485400,42618.41000000
1621382485500,42608.18000000
1621382485600,42615.63000000
1621382485700,42615.02000000
1621382485800,42614.31000000
1621382485900,42617.70000000
1621382486000,42617.98000000
1621382486100,42614.30000000
1621382486200,42613.43000000
1621382486300,42608.25000000
1621382486400,42607.86000000
1621382486500,42608.62000000
1621382486600,42594.55000000
1621382486700,42605.55000000
1621382486800,42603.42000000
1621382486900,42602.08000000
1621382487000,42603.48000000
1621382487100,42603.47000000
1621382487200,42607.73000000
1621382487300,42607.25000000
1621382487400,42607.25000000
1621382487500,42605.12000000
1621382487600,42604.86000000
1621382487700,42602.31000000
1621382487800,42600.02000000
1621382487900,42597.90000000
1621382488000,42597.90000000
1621382488100,42594.35000000
1621382488200,42595.02000000
1621382488300,42594.21000000
1621382488400,42595.08000000
1621382488500,42585.53000000
1621382488600,42585.53000000
1621382488700,42597.52000000
1621382488800,42597.44000000
1621382488900,42597.28000000
1621382489000,42586.20000000
1621382489100,42586.21000000
1621382489200,42587.25000000
1621382489300,42588.92000000
1621382489400,42591.48000000
1621382489500,42596.90000000
1621382489600,42597.07000000
1621382489700,42600.37000000
1621382489800,42598.25000000
1621382489900,42588.80000000
1621382490000,42586.66000000
1621382490100,42587.55000000
1621382490200,42594.72000000
1621382490300,42595.62000000
1621382490400,42608.18000000
1621382490500,42606.33000000
1621382490600,42608.44000000
1621382490700,42618.30000000
1621382490800,42629.94000000
1621382490900,42630.60000000
1621382491000,42638.53000000
1621382491100,42645.91000000
1621382491200,42646.06000000
1621382491300,42633.15000000
1621382491400,42636.20000000
1621382491500,42636.20000000
1621382491600,42633.12000000
1621382491700,42636.20000000
1621382491800,42633.79000000
1621382491900,42642.43000000
1621382492000,42629.27000000
1621382492100,42649.22000000
1621382492200,42649.44000000
1621382492300,42659.75000000
1621382492400,42673.03000000
1621382492500,42661.70000000
1621382492600,42659.75000000
1621382492700,42657.49000000
1621382492800,42661.69000000
1621382492900,42664.70000000
1621382493100,42676.75000000
1621382493200,42690.52000000
1621382493300,42682.14000000
1621382493400,42682.60000000
1621382493500,42700.00000000
1621382493600,42708.55000000
1621382493700,42709.08000000
1621382493800,42704.44000000
1621382493900,42707.24000000
1621382494000,42672.43000000
1621382494100,42704.46000000
1621382494200,42698.15000000
1621382494300,42687.89000000
1621382494400,42704.16000000
1621382494500,42693.28000000
1621382494600,42701.18000000
1621382494700,42687.90000000
1621382494800,42692.23000000
1621382494900,42703.05000000
1621382495000,42699.78000000
1621382495100,42701.16000000
1621382495200,42689.30000000
1621382495300,42700.09000000
1621382495400,42700.09000000
1621382495500,42700.09000000
1621382495600,42702.06000000
1621382495700,42702.51000000
1621382496000,42702.52000000
1621382496100,42704.09000000
1621382496200,42709.07000000
1621382496300,42701.67000000
1621382496400,42701.66000000
1621382496500,42702.60000000
1621382496600,42702.89000000
1621382496700,42691.48000000
1621382496800,42691.73000000
1621382496900,42702.97000000
1621382497000,42702.97000000
1621382497100,42702.76000000
1621382497200,42703.75000000
1621382497300,42689.82000000
1621382497400,42718.82000000
1621382497500,42716.26000000
1621382497600,42700.26000000
1621382497700,42711.44000000
1621382497800,42716.97000000
1621382497900,42718.76000000
1621382498000,42697.30000000
1621382498100,42729.35000000
1621382498200,42714.85000000
1621382498300,42703.56000000
1621382498400,42712.57000000
1621382498500,42699.34000000
1621382498600,42724.14000000
1621382498700,42702.52000000
1621382498800,42694.17000000
1621382498900,42692.15000000
1621382499000,42702.24000000
1621382499100,42694.66000000
1621382499200,42702.36000000
1621382499300,42702.51000000
1621382499400,42702.51000000
1621382499500,42710.67000000
1621382499600,42709.28000000
1621382499700,42710.44000000
1621382499800,42703.63000000
1621382499900,42700.51000000
